{
  "name": "videogular-buffering",
  "version": "0.4.2",
  "main": "./buffering.js",
  "dependencies": {
    "videogular": "latest"
  },
  "homepage": "https://github.com/2fdevs/bower-videogular-buffering",
  "_release": "0.4.2",
  "_resolution": {
    "type": "version",
    "tag": "v0.4.2",
    "commit": "58f37210bf656d0c34e8cf5cc8394da2533526f1"
  },
  "_source": "git://github.com/2fdevs/bower-videogular-buffering.git",
  "_target": "~0.4.2",
  "_originalSource": "videogular-buffering",
  "_direct": true
}