{
  "name": "videogular-overlay-play",
  "version": "0.4.2",
  "main": "./overlay-play.js",
  "dependencies": {
    "videogular": "latest"
  },
  "homepage": "https://github.com/2fdevs/bower-videogular-overlay-play",
  "_release": "0.4.2",
  "_resolution": {
    "type": "version",
    "tag": "v0.4.2",
    "commit": "ebf1985240e41175b720250a9c40653b1a16bf41"
  },
  "_source": "git://github.com/2fdevs/bower-videogular-overlay-play.git",
  "_target": "~0.4.2",
  "_originalSource": "videogular-overlay-play",
  "_direct": true
}