{
  "name": "angular-file-upload",
  "main": "angular-file-upload.js",
  "version": "1.6.5",
  "homepage": "https://github.com/danialfarid/angular-file-upload",
  "authors": [
    "danialf <danial.farid@gmail.com>"
  ],
  "description": "Lightweight Angular JS directive to upload files. Support drag&drop, progress and abort",
  "license": "MIT",
  "_release": "1.6.5",
  "_resolution": {
    "type": "version",
    "tag": "1.6.5",
    "commit": "4111ee55a03068a7c9c0c1a7df0959508718c048"
  },
  "_source": "git://github.com/danialfarid/angular-file-upload-bower.git",
  "_target": "~1.6.5",
  "_originalSource": "ng-file-upload",
  "_direct": true
}