{
  "name": "angular-resource",
  "version": "1.2.20",
  "main": "./angular-resource.js",
  "dependencies": {
    "angular": "1.2.20"
  },
  "homepage": "https://github.com/angular/bower-angular-resource",
  "_release": "1.2.20",
  "_resolution": {
    "type": "version",
    "tag": "v1.2.20",
    "commit": "bf73c0a851e9d6f36fccf5f164216fb1d4181efc"
  },
  "_source": "git://github.com/angular/bower-angular-resource.git",
  "_target": "~1.2.20",
  "_originalSource": "angular-resource",
  "_direct": true
}