{
  "name": "videogular-controls",
  "version": "0.4.2",
  "main": "./controls.js",
  "dependencies": {
    "videogular": "latest"
  },
  "homepage": "https://github.com/2fdevs/bower-videogular-controls",
  "_release": "0.4.2",
  "_resolution": {
    "type": "version",
    "tag": "v0.4.2",
    "commit": "b703a0ef4321d67bcc11b8045b67f7f67c697880"
  },
  "_source": "git://github.com/2fdevs/bower-videogular-controls.git",
  "_target": "~0.4.2",
  "_originalSource": "videogular-controls",
  "_direct": true
}